INSERT INTO TEMPERATURE VALUES(DATETIME('2016-03-20 08:00:00'), 5);
INSERT INTO TEMPERATURE VALUES(DATETIME('2016-03-20 10:00:00'), 6);
INSERT INTO TEMPERATURE VALUES(DATETIME('2016-03-20 12:00:00'), 7);
INSERT INTO TEMPERATURE VALUES(DATETIME('2016-03-21 08:00:00'), 20);
INSERT INTO TEMPERATURE VALUES(DATETIME('2016-03-21 10:00:00'), 21);
INSERT INTO TEMPERATURE VALUES(DATETIME('2016-03-21 12:00:00'), 22);
INSERT INTO TEMPERATURE VALUES(DATETIME('2016-03-22 08:00:00'), 10.5);
INSERT INTO TEMPERATURE VALUES(DATETIME('2016-03-22 10:00:00'), 11);
INSERT INTO TEMPERATURE VALUES(DATETIME('2016-03-22 12:00:00'), 12.5);
INSERT INTO TEMPERATURE VALUES(DATETIME('2016-03-23 08:00:00'), 5);
INSERT INTO TEMPERATURE VALUES(DATETIME('2016-03-23 10:00:00'), 6);
INSERT INTO TEMPERATURE VALUES(DATETIME('2016-03-23 12:00:00'), 7);
INSERT INTO TEMPERATURE VALUES(DATETIME('2016-03-24 08:00:00'), 20);
INSERT INTO TEMPERATURE VALUES(DATETIME('2016-03-24 10:00:00'), 21);
INSERT INTO TEMPERATURE VALUES(DATETIME('2016-03-24 12:00:00'), 22);
INSERT INTO TEMPERATURE VALUES(DATETIME('2016-03-25 08:00:00'), 10.5);
INSERT INTO TEMPERATURE VALUES(DATETIME('2016-03-25 10:00:00'), 11);
INSERT INTO TEMPERATURE VALUES(DATETIME('2016-03-25 12:00:00'), 12.5);
INSERT INTO TEMPERATURE VALUES(DATETIME('2016-03-26 08:00:00'), 5);
INSERT INTO TEMPERATURE VALUES(DATETIME('2016-03-26 10:00:00'), 6);
INSERT INTO TEMPERATURE VALUES(DATETIME('2016-03-26 12:00:00'), 7);
INSERT INTO TEMPERATURE VALUES(DATETIME('2016-03-27 08:00:00'), 20);
INSERT INTO TEMPERATURE VALUES(DATETIME('2016-03-27 10:00:00'), 21);
INSERT INTO TEMPERATURE VALUES(DATETIME('2016-03-27 12:00:00'), 22);
INSERT INTO TEMPERATURE VALUES(DATETIME('2016-03-28 08:00:00'), 10.5);
INSERT INTO TEMPERATURE VALUES(DATETIME('2016-03-28 10:00:00'), 11);
INSERT INTO TEMPERATURE VALUES(DATETIME('2016-03-28 12:00:00'), 12.5);
--
INSERT INTO HUMIDITY VALUES(DATETIME('2016-03-20 08:00:00'), 55);
INSERT INTO HUMIDITY VALUES(DATETIME('2016-03-20 10:00:00'), 65);
INSERT INTO HUMIDITY VALUES(DATETIME('2016-03-20 12:00:00'), 75);
INSERT INTO HUMIDITY VALUES(DATETIME('2016-03-21 08:00:00'), 50);
INSERT INTO HUMIDITY VALUES(DATETIME('2016-03-21 10:00:00'), 70);
INSERT INTO HUMIDITY VALUES(DATETIME('2016-03-21 12:00:00'), 60);
INSERT INTO HUMIDITY VALUES(DATETIME('2016-03-22 08:00:00'), 55);
INSERT INTO HUMIDITY VALUES(DATETIME('2016-03-22 10:00:00'), 45);
INSERT INTO HUMIDITY VALUES(DATETIME('2016-03-22 12:00:00'), 50);
--
INSERT INTO WEIGHT VALUES(DATETIME('2016-03-20 08:00:00'), 60);
INSERT INTO WEIGHT VALUES(DATETIME('2016-03-20 10:00:00'), 65);
INSERT INTO WEIGHT VALUES(DATETIME('2016-03-20 12:00:00'), 61);
INSERT INTO WEIGHT VALUES(DATETIME('2016-03-21 08:00:00'), 60);
INSERT INTO WEIGHT VALUES(DATETIME('2016-03-21 10:00:00'), 65);
INSERT INTO WEIGHT VALUES(DATETIME('2016-03-21 12:00:00'), 64);
INSERT INTO WEIGHT VALUES(DATETIME('2016-03-22 08:00:00'), 62);
INSERT INTO WEIGHT VALUES(DATETIME('2016-03-22 10:00:00'), 67);
INSERT INTO WEIGHT VALUES(DATETIME('2016-03-22 12:00:00'), 65);